source,target,weight
06mFNPU0aB8,UC2ngpd8UBQu4gcUYy0goAtg,1
06mFNPU0aB8,UCAxvOOHQk7dYPOajzFEVtbA,2
06mFNPU0aB8,UCIXLDYqR_syskKRJy_x9W9Q,1
06mFNPU0aB8,UCLXYp1Cvc5DLtq5UQL5D9vw,1
06mFNPU0aB8,UCO0zwwLWGyDgQmWPJ5Qrr1w,1
06mFNPU0aB8,UCXN2s7DwTJm33xO-pNkAdaA,1
06mFNPU0aB8,UC_3xuTXvMIWU5MYP9HkJ3vQ,1
06mFNPU0aB8,UCfXykdbSU97rj987LDUGfvg,1
06mFNPU0aB8,UCfjhejO7LZy4doXURa7LZCQ,1
06mFNPU0aB8,UCjZgFEowMBrsjodqfovzdKw,1
06mFNPU0aB8,UCq3mDTTRZnUybct5M9OSXbg,1
06mFNPU0aB8,UCvl1tzQeBeGy6efPTRJXSCw,1
06mFNPU0aB8,UCwCfs-2zbD5k0lG-UVg_JBw,1
3Nfp9h5avBI,UCJxJC56BSAX-ArD0NAb9qnQ,1
3Nfp9h5avBI,UCyor0Mmm0ivLX2jIdyGp84Q,1
6W4u8sGEnGM,UC-HeUTT6_g-VoiWds2a4H-w,1
6W4u8sGEnGM,UC-Iul5tDYH_oiAMXQH-KaaQ,1
6W4u8sGEnGM,UC0HvfEWozTHbwl_iEmJNvVA,1
6W4u8sGEnGM,UC14qlobYKqD-DO0j6b75lcA,1
6W4u8sGEnGM,UC1NiEdJ7gk6FlDexIalWnGg,1
6W4u8sGEnGM,UC3YpzAr7pcdKC7BVFEpYzog,1
6W4u8sGEnGM,UC63tFvbQ_hJhGDi2nbjssjw,1
6W4u8sGEnGM,UCEHXl4VvvVpq-_4xC5tsbhg,1
6W4u8sGEnGM,UCFybmWapGvBKcQod7cPPH9w,1
6W4u8sGEnGM,UCRfkkatKrNtAARnXMMYBGlA,1
6W4u8sGEnGM,UCV3fr-YOixFKCZBbJP1-X4w,5
6W4u8sGEnGM,UCWaRixDdpgllTBf4V0jPnKQ,2
6W4u8sGEnGM,UCWvntqPQx99k_Z_skWKqNSA,1
6W4u8sGEnGM,UCZFQwqh90apuL8eFhvRBkUg,1
6W4u8sGEnGM,UCa36MjQLoPAmgJo-R3G8WQA,1
6W4u8sGEnGM,UCaT4saRcyqCLE657Rq2hhZQ,1
6W4u8sGEnGM,UCeQk-WfEA-cJRq4EKeE7TOw,1
6W4u8sGEnGM,UCfo_yUPzy1f1POwwZxhZ06Q,1
6W4u8sGEnGM,UCgGqw4aqMdMVSGkKiMgrJRQ,1
6W4u8sGEnGM,UCheEJ5GZuIvV0fj-nXyVwXw,1
6W4u8sGEnGM,UChyps3dqY-VY1_wLeq-2lhw,1
6W4u8sGEnGM,UCiOZX__1gahg1ypIj0_XG_w,1
6W4u8sGEnGM,UCjZgFEowMBrsjodqfovzdKw,1
6W4u8sGEnGM,UCoGdCoJg2Lh0OX_jv6cG16g,2
6W4u8sGEnGM,UCp29O_C7cchZV8IxV7Crdag,2
6W4u8sGEnGM,UCql1n3Ey6ULMSOACjMe-fxQ,1
6W4u8sGEnGM,UCtCtts20bW6F9CSohau51Iw,2
6W4u8sGEnGM,UCtsxPYw8VUsH_FfnKg-0lmw,1
6W4u8sGEnGM,UCvDwJBBY1mHK70aTEYl6rsA,1
6W4u8sGEnGM,UCwxoKK59nGCeBqB2sXfDBIw,1
6W4u8sGEnGM,UCyJhqmMbsvjpoarBBStA2kg,6
6W4u8sGEnGM,UCzZ6dDCEsLMXbc5pCFXIprw,1
JkpVO1hx2f8,UCHGd14aYuZZShLD73dkk6mg,1
JkpVO1hx2f8,UCQIdKuZ-OzuFqy0KjGrgesg,1
JkpVO1hx2f8,UCWWkebAekppaL5b5CNlppuw,1
OkXlHx0hx-8,UC-QOpE7GOxlXcHZ8b7HbQKA,2
OkXlHx0hx-8,UC1WlJfQmaIskYhP4gmWoamw,1
OkXlHx0hx-8,UCBlm80VQ4YoV3bUJR_XhkaQ,2
OkXlHx0hx-8,UCGZMgmM92E3njyXNe9-kjAQ,1
OkXlHx0hx-8,UCIgoiXdIKJyUGmUoH2Lxdzg,1
OkXlHx0hx-8,UCOLHH4ZpMxPYF-Q6e6wvn5A,1
OkXlHx0hx-8,UCPNXmbOBVeC4HS-xemvcPtQ,1
OkXlHx0hx-8,UCQMMuADgqWUOcJpLwHOzC-g,1
OkXlHx0hx-8,UCVdjCrh4tQoX3haNAZv-n5A,1
OkXlHx0hx-8,UCZjm6U576nX8WOiLhmMR3bw,1
OkXlHx0hx-8,UCat2qkYvqmtDNEmo2PVuhXw,1
OkXlHx0hx-8,UCbNanjFI51cwGqMAb2rOrBw,1
OkXlHx0hx-8,UCi2KiZq63sRq8Mfbcp-MelQ,6
OkXlHx0hx-8,UCozFYHN0e_-vlQbX3wQGOug,1
OkXlHx0hx-8,UCp_dAUfv8i3LW3zWc24dLaQ,1
OkXlHx0hx-8,UCrqXyRsg-_hTosURZ-uvoKg,1
OkXlHx0hx-8,UCtiHFjFu7d5v2XxHnKFUYig,1
OkXlHx0hx-8,UCxhtlxPV8AYWaNNyU6S9H8Q,1
PjmxCj-a9Hg,UC1Y7x3h0c95Z8kUhi-Tzaeg,1
PjmxCj-a9Hg,UC7IMsCxfZyWN7YQo8-JYa6Q,2
PjmxCj-a9Hg,UC8xlJWNHz1V_W6q3fbuQH8g,1
PjmxCj-a9Hg,UCAV7QIjYhbDJaycQycM_0eQ,1
PjmxCj-a9Hg,UCGX_UbAQOXGZknv5iqklwTA,1
PjmxCj-a9Hg,UCHTGCgY2l-DQJIvlA_cpa_Q,1
PjmxCj-a9Hg,UCN2N_wYOw6fMwCeSzdXLPIw,1
PjmxCj-a9Hg,UCNIeXbV_mEwpa412h1aqUWw,3
PjmxCj-a9Hg,UCPZueDLrCS4BmTBRMA4q0fA,1
PjmxCj-a9Hg,UCVQf0tzL7xRzFJsABVVULpg,1
PjmxCj-a9Hg,UCbYoNG5J3Au5BqtbXogfEFw,1
PjmxCj-a9Hg,UCf5lnNZF7Qrtli9v4N_23WQ,1
PjmxCj-a9Hg,UCg3eIfd7BrsLEqS0BLkftHA,3
PjmxCj-a9Hg,UCgQJgI9vu1FI2dnC9mrFthw,1
PjmxCj-a9Hg,UClsrFGJKWPxxw7MiaEdKLXw,1
PjmxCj-a9Hg,UCtNyHmRZtvGF2hSvI2dUBWw,2
PjmxCj-a9Hg,UCuP4UK33HKtJE_S39ksmaTw,1
PjmxCj-a9Hg,UCusjriFsDHEc2AOjqk-p5ig,1
PjmxCj-a9Hg,UCzZ6dDCEsLMXbc5pCFXIprw,1
TT4qJ5FXHYE,UCKVzDUqbtdSMBcexaEtMmzQ,1
TT4qJ5FXHYE,UCNiMNUJvaRJb0_QLClqwVnA,1
TT4qJ5FXHYE,UCld2stqxaVSk0QdGncM224A,1
TT4qJ5FXHYE,UCtowGNY2lnlg6O2CkwDgkLg,1
UhL9y3KUl8E,UC_NRVt2UP88ZNTwzrZ66JSg,1
WIUZtitfLRw,UCGj2v6Gl5bN8NSrzJMXS-CA,1
WIUZtitfLRw,UCOARn3hnfkB7-_Rwa8Hoqcw,1
WIUZtitfLRw,UCVhif9eV0f8plICen2DnpKA,1
WIUZtitfLRw,UCZIQnb1fkwe39Iw2TAu-bGA,1
WIUZtitfLRw,UCvcu1kR8xMYy_I1Ty-2mV2Q,1
WIUZtitfLRw,UCyW68EGZey4ao_Vf2cR5Ztg,1
X_FAIef8qlE,UCPLW0HE3siElqCgXfgWxMqg,1
b_Hkrkl3adA,UC094EFEmMSdwVa8NQjjYBXg,1
b_Hkrkl3adA,UC3iIU62XKUOWuqL8BqBzj9A,1
b_Hkrkl3adA,UC5PrBbmUlQolwqmiru7yZhw,1
b_Hkrkl3adA,UC9Wp6vL5oCU37qC3Aj94WZA,1
b_Hkrkl3adA,UCGm3gRBEHGRJYmtCryZLtDw,1
b_Hkrkl3adA,UCHu8x4MVkayU6VgwVKd--MQ,1
b_Hkrkl3adA,UCsUCN0Yq_UyTvKjOJLmNrnQ,1
is3Mk5oC19g,UC4kg7zuTfqQKLd2bkZrSYBA,1
is3Mk5oC19g,UCBtB5dIyx-C16UN8ClUD2UA,1
is3Mk5oC19g,UCFFrEmn6lPYiWyElpfzTy5Q,1
is3Mk5oC19g,UCLh1Kde4_vI1sTZBkTNP7RQ,1
is3Mk5oC19g,UCdFlugHJJa4l3YqWuNRmvXw,1
is3Mk5oC19g,UCfRqgt2O-vjzUDMZY_tnxQw,1
is3Mk5oC19g,UCk4O-J1BhoqPmig1KLGJePA,1
j43HgwYFKfk,UC-fiZBS5Gp1eCJd9ucgWnCg,1
j43HgwYFKfk,UC1DpqK6vaPEkBOMNvypsKYg,1
j43HgwYFKfk,UC32oozucwCF3q8d4m8fyOUg,1
j43HgwYFKfk,UC3UVO7pTbeYvZ3ILEyRDskQ,1
j43HgwYFKfk,UC4Avya4kmR4Q0FrfFdBozSQ,1
j43HgwYFKfk,UC5hvEnRUzI4Kfvwnyi4QxqQ,1
j43HgwYFKfk,UC6Uj1FT5JjDSF8vudvDxPAA,1
j43HgwYFKfk,UC7dadZG7kkGYnsNu6td0FbA,1
j43HgwYFKfk,UC816IGbFCZinfYS1LRDaaHg,1
j43HgwYFKfk,UC95PSMouTx2N5CbSq0hIyrQ,1
j43HgwYFKfk,UCAKuKvcbfnBD3kF5njNu-IA,1
j43HgwYFKfk,UCCBYcToQ2dwkd6TJh0FSyDg,1
j43HgwYFKfk,UCDrmf9y9nLgFY5wnA2hTuGA,1
j43HgwYFKfk,UCGGHbtfbbe0o68etrOf0qxw,1
j43HgwYFKfk,UCHbwIx9pmQuf7i-4_xO2EpA,1
j43HgwYFKfk,UCNpt5CQlTzNjlAKY6CJtClQ,1
j43HgwYFKfk,UCOcUI5XkTYNMSFhZNMIPpGg,1
j43HgwYFKfk,UCQqlPPUGqAfWjd-FSh_qn7Q,1
j43HgwYFKfk,UCQyOePccUP-fIJYzchAgZYw,1
j43HgwYFKfk,UCRAquv8el-tQ30bN7MlmySQ,1
j43HgwYFKfk,UCRvPToDkkumha7WJAfCDk1A,1
j43HgwYFKfk,UCUoYsrx1oZnCZ0usbBJn4fA,1
j43HgwYFKfk,UCV0lM03g5fg5pbPj97-sAtA,1
j43HgwYFKfk,UCW-JC6lebVmf2P1dmY_L94g,1
j43HgwYFKfk,UCW80DaMjQlEUibC98Cot-Dg,1
j43HgwYFKfk,UCWoAVGVqCn4xtINCMOTM4jg,1
j43HgwYFKfk,UCZeIIQrGAedW8tCbKWmGY-A,1
j43HgwYFKfk,UC_LYoGs5C3mbZKZuKuqYCvw,1
j43HgwYFKfk,UCaKAjTW9MVub_clgr4DRYjQ,1
j43HgwYFKfk,UCdFlugHJJa4l3YqWuNRmvXw,1
j43HgwYFKfk,UCe8JZoYkX5oKUZyivHYdXhw,1
j43HgwYFKfk,UCeDNEtI8_a42bZ47wJiJMwQ,1
j43HgwYFKfk,UCgJNFj5dnxXpcMvmuhZDPxA,1
j43HgwYFKfk,UCgQw_Sbq3ugruDUKsq1e0-A,1
j43HgwYFKfk,UCiC-Jn7wdgyQV4_Urk0DkWQ,1
j43HgwYFKfk,UCkVtmkK07b2zaVVNssX4lOg,1
j43HgwYFKfk,UCkbsS_3D-pvg1iHOld9uvIg,1
j43HgwYFKfk,UClhMWQ7XKWywYvbRnuf8QsA,1
j43HgwYFKfk,UClqA491Xa5fQcXcJJa-vTWw,1
j43HgwYFKfk,UColMq7LmaoY3MT6aIDGrGvA,1
j43HgwYFKfk,UCpe5jW3MIqkgTJ-PgkzvM6Q,1
j43HgwYFKfk,UCpsKOkt5iWTbenzeuq7dsmQ,1
j43HgwYFKfk,UCqCrvuoJpC-aVb0f4logQRQ,1
j43HgwYFKfk,UCsGoJEvb-cFPZ2rWoJcXzEQ,1
j43HgwYFKfk,UCu8_3-Wg-YzNyvHYQDEscfw,1
j43HgwYFKfk,UCuXmOjxC-htcprLgeVXz6Tg,1
j43HgwYFKfk,UCwgCc9Jd_gG-uLE_SY-FfPg,1
j43HgwYFKfk,UCwjUvRseNtJoItylIyIez7Q,1
j43HgwYFKfk,UCylqlpsh8ENNM1LqgQ1KbxA,2
lj983NWyAQY,UC0RpuMwkDKJYqgKHtsJRuWQ,1
lj983NWyAQY,UC0aEyakBPqcBkVJiErfSupQ,1
lj983NWyAQY,UC5PyGvSfFM--OVKmQ3COu6g,1
lj983NWyAQY,UC5fvhAfm89JH8eDFdvc0xYw,1
lj983NWyAQY,UCFOxCyF926Y9eHhMeVoWLzw,1
lj983NWyAQY,UCGqKxQS-z3NZzZF-2w338AA,1
lj983NWyAQY,UCHMQ_lDhibZ-XZ_3fo6oxwg,1
lj983NWyAQY,UCIUhbSCy3-SGRe5UtqM4fzQ,1
lj983NWyAQY,UCIp19h9igblA2YKfSLPDAug,1
lj983NWyAQY,UCRcSR3Lvn9DZAmJpVPANfZQ,1
lj983NWyAQY,UCRznz9-N3Qc1w-qNdLSIY2Q,1
lj983NWyAQY,UCSTAUWVc1_82DHYeqOsqEFA,1
lj983NWyAQY,UCXmrpc6Li0spcKxtS0Q_ptg,1
lj983NWyAQY,UCY7Hq7F9Lnucf-Yr6JkHZNw,1
lj983NWyAQY,UC_ljZ1hZXR9pzexFz87P5ZA,1
lj983NWyAQY,UCaT6M2zp7X6r6Whd8Vv3kHQ,1
lj983NWyAQY,UCgLrWFdYitoP-b7-PxtUr-w,1
lj983NWyAQY,UCgLurCo-e019HGODcjXHWCw,1
lj983NWyAQY,UCi-vPdnpQreC7BkFs40mJGA,1
lj983NWyAQY,UCqilIa8r7iek5sGYg_q6ofA,1
lj983NWyAQY,UCs_5qeqdku9tGAq22y3OcuQ,1
lj983NWyAQY,UCtMBF_1O2jY2INlb_luuB_A,1
lj983NWyAQY,UCwUAv3_LpWVtTIi7lkmTL7A,1
lj983NWyAQY,UCxKR3RA8T-kxMgq_2WWhRcQ,1
lj983NWyAQY,UCyzf29IYjNw67gGIfsjgtxA,1
n8iP75gIpmw,UC-hfX8J5JPJ-dfuakzegMLA,1
n8iP75gIpmw,UC-jS_kA9w-OmpupXDx156Rg,1
n8iP75gIpmw,UC-pNP6RMFuLg_-x7Ah_0kEA,1
n8iP75gIpmw,UC1vr9aaMI2crB0NvwFHUeoQ,1
n8iP75gIpmw,UC2Y_EHWQKevubk4vOEBBFxw,1
n8iP75gIpmw,UC2weSE8rpqkGMOp6StYtVfg,1
n8iP75gIpmw,UC3E9mAgP7VoAE5mZoAexl5g,1
n8iP75gIpmw,UC3MYTqpQqlWBuCB7Th0e0PA,1
n8iP75gIpmw,UC3NMzdMYryaw82kPTnsaljg,1
n8iP75gIpmw,UC3XTwHxygNCgjndsg-UiCQA,3
n8iP75gIpmw,UC3qn1yJA5PeW9rkGPatQxiw,1
n8iP75gIpmw,UC4cXueR2bKGFJV0Fk76gwmA,1
n8iP75gIpmw,UC4wq3DcbfaG6dtCqn8Oyu3w,1
n8iP75gIpmw,UC5H8ASmMC9WrURmzeB4ySog,5
n8iP75gIpmw,UC5bG9nc_JV3FsNP2KseQiYw,1
n8iP75gIpmw,UC650pRT-OYzny3GwOH8Cgfw,1
n8iP75gIpmw,UC6PvO1_k5lHKGdAPo5_C6TA,1
n8iP75gIpmw,UC6YSZqL0vEcI-niPKIMUGfw,1
n8iP75gIpmw,UC72gBAtyb_VXQlYDcFrh6oQ,3
n8iP75gIpmw,UC7VUuJr9cGh845CmTvf7TlQ,1
n8iP75gIpmw,UC8F2V63KZ4ZEay6opX2hAQw,1
n8iP75gIpmw,UC8G5cJONY8L9voMyBW8Eoug,1
n8iP75gIpmw,UC8r11yOugM2NuRfitQOxLLg,1
n8iP75gIpmw,UC9vMq1YF-e7C-VO0SHkbUTA,4
n8iP75gIpmw,UC9xr9QvIcDvoZNUX5f-jaZw,1
n8iP75gIpmw,UCA93ym2TXs_Ibyxb4Vcn-6Q,1
n8iP75gIpmw,UCAlzM_N6xBlMYmM8EBzX86Q,1
n8iP75gIpmw,UCAmtbUiIrUIhikru0ZoTFig,1
n8iP75gIpmw,UCB5p8a5gklc80jJItP6xTHg,1
n8iP75gIpmw,UCCaYwkkbQGcvFoUmothVdQQ,1
n8iP75gIpmw,UCDIMztpVm7G27qBuiWuT6oQ,1
n8iP75gIpmw,UCDPWkUX3sNNaCx-m1dV4glA,1
n8iP75gIpmw,UCDQaQv0hr2SS_PO-CMEwVHg,1
n8iP75gIpmw,UCDUffaruH6dyUnUGwsTKpgg,1
n8iP75gIpmw,UCDftMWXQoJ6nONfY7GVOVjg,1
n8iP75gIpmw,UCDlr1VadSucIZgZ171pRBjQ,1
n8iP75gIpmw,UCEgEQmRbtL5fwr9_DqAC--g,1
n8iP75gIpmw,UCErZPJpHmLCsXs8ZWkAUupQ,1
n8iP75gIpmw,UCFUuDARXdmmIrLppEqf-rFg,1
n8iP75gIpmw,UCFhxtoeARHPnXXPcDrOU3Xg,1
n8iP75gIpmw,UCFjudnPLoaSL1BaRuLahyHg,3
n8iP75gIpmw,UCFoIAE8k82D6AV-8gjjKaNg,1
n8iP75gIpmw,UCFxE8GbokBrBsPEKM1xrOjQ,1
n8iP75gIpmw,UCGzXwyCzMzGmjmCbH3Hg01Q,1
n8iP75gIpmw,UCHTGCgY2l-DQJIvlA_cpa_Q,2
n8iP75gIpmw,UCHhHUjaMAZ8SiXdCUCj9DkQ,2
n8iP75gIpmw,UCKDR0f2fu2UzWL8mBv5-BHw,1
n8iP75gIpmw,UCL13XhnRzbGokEkCkEOb0-g,2
n8iP75gIpmw,UCL1MT278vSaQ83ZDkVWn1gw,1
n8iP75gIpmw,UCLFdHr9BEbXHkoJopbEPLZw,2
n8iP75gIpmw,UCLggDc_a5HriXv7I1h02sOA,2
n8iP75gIpmw,UCN6qbfPSzFtjhqUDZ3Cv3CQ,1
n8iP75gIpmw,UCNBnKqWf4d-rS4HwJRQljmQ,2
n8iP75gIpmw,UCNkcuy42zEwddwEcOd_HpnA,1
n8iP75gIpmw,UCOLGv5Pf6BF2wFcwUzgcvHg,2
n8iP75gIpmw,UCOS8ViEkccrTZx2w2ccxotA,1
n8iP75gIpmw,UCOh6DaZC_x9HASnlRylEMfw,1
n8iP75gIpmw,UCQ_-LPP8JAbfkc-b1Q6NvWw,2
n8iP75gIpmw,UCQgYjVngJRfPHDLGB5X6ZjA,1
n8iP75gIpmw,UCQqetiwzzmRNTM5OWuXarGQ,1
n8iP75gIpmw,UCQtICyzWmhC5woCtbNgaSmg,2
n8iP75gIpmw,UCQtSFINs1h6GHkpg9o5kMvg,1
n8iP75gIpmw,UCRETAiYdh2dL5ZxB0_N1zDA,1
n8iP75gIpmw,UCRelkU8JiZBytTzebJxaa-w,1
n8iP75gIpmw,UCRlCV9zSn7avAWh-9_XFWqQ,1
n8iP75gIpmw,UCSou6a2OuYGSvPjm5psquyA,1
n8iP75gIpmw,UCTD6q1nyIe3Y7HhqjaMj72w,1
n8iP75gIpmw,UCTP3O0rMnc8z8v8jaDQwL0w,1
n8iP75gIpmw,UCThW2XNsAaBKme5PUt7n-Zg,1
n8iP75gIpmw,UCTwSut16JyAg3mX6LVUNGqA,1
n8iP75gIpmw,UCTylKrsqkrBKIqubMu_5N0Q,1
n8iP75gIpmw,UCUIIIPTVDVHAXqhC_5V6lPA,1
n8iP75gIpmw,UCV0iizTBoOfdAFX_thfI9BA,1
n8iP75gIpmw,UCWIZUtKJ636y-4TYrNvok0g,1
n8iP75gIpmw,UCXSkL3ejZ8qWYyF_M7s_QKA,1
n8iP75gIpmw,UCXXh7yg5KUFIWylTiKVEFKQ,2
n8iP75gIpmw,UCXgr7vXlRrsaskPdo097kGA,1
n8iP75gIpmw,UCXr8_5WtGeipe4haOoQDgyQ,1
n8iP75gIpmw,UCYN4wSQ1Sx4_LurxLlW7MPg,1
n8iP75gIpmw,UCYwpX26TrCxq8TvbKGRYLXA,1
n8iP75gIpmw,UCZ51R_9Q9C0c8I3pAWhtmjQ,1
n8iP75gIpmw,UCZLG9qH0tUjNhEGFIUt0CYw,1
n8iP75gIpmw,UCcfdg8crmMJwEuLUsAhV7yg,1
n8iP75gIpmw,UCfM3nrxtTQMY5jFx1v1J4Gg,1
n8iP75gIpmw,UCgvw7xIdGFupzpt1Y_BFkEA,1
n8iP75gIpmw,UCh5ESQvtzyHDhCA7XyekCFA,3
n8iP75gIpmw,UChZknRmJkeGeQk0-mQuhDOg,1
n8iP75gIpmw,UChep9kVb5gQmpodEEl10Xlg,1
n8iP75gIpmw,UChgkn5Jt5tWKYMoEOuCjz3Q,1
n8iP75gIpmw,UChs3tU2BcKOT0CezykvAsGw,3
n8iP75gIpmw,UCi1b_TRQfgO1Z9O2gNGGWNA,2
n8iP75gIpmw,UCiGRBf2RNF0WRKhRVT7zFoA,1
n8iP75gIpmw,UCiMythXHsw7eQEMykCdmMUA,1
n8iP75gIpmw,UCipetjeiWj4CZB6EbyYziZg,1
n8iP75gIpmw,UCj-LL25XJnjxepPKCc3NGog,1
n8iP75gIpmw,UCjSKM9j0Q7HLDr1hD6D-TUw,1
n8iP75gIpmw,UCjmPuazZJzscrwvk0QR9RVw,1
n8iP75gIpmw,UCkd9W714-947dEE6ZOEBATA,2
n8iP75gIpmw,UCl0ekS9Tt0jJGtOEM18S63w,1
n8iP75gIpmw,UCljDbleJul41G1TzOjOZAVA,1
n8iP75gIpmw,UCmjppp6ujz3SAnULvP3sZMw,1
n8iP75gIpmw,UCmvOgzmmXbjUthHy-WJ52hQ,1
n8iP75gIpmw,UCp4iw5_5SmV9VGTFSNVGOmQ,1
n8iP75gIpmw,UCpIdtvoFHVLGASGB5ySqIEA,1
n8iP75gIpmw,UCpl8rF8uv_8uui-QRvuJaRA,1
n8iP75gIpmw,UCplrIQtaPj6au60_f2-mOYw,1
n8iP75gIpmw,UCpsKOkt5iWTbenzeuq7dsmQ,1
n8iP75gIpmw,UCr1emrogPKkKTs_WTtx71xg,1
n8iP75gIpmw,UCrJn_rbo_ENAdeqneS-RmRw,2
n8iP75gIpmw,UCsJJAvrVGupdmhOqgtDp8dg,1
n8iP75gIpmw,UCsSXdJct-nsS8DsABoEsaYA,1
n8iP75gIpmw,UCsUCN0Yq_UyTvKjOJLmNrnQ,1
n8iP75gIpmw,UCsjs5Hp_r86x1xbK6FAeqaA,1
n8iP75gIpmw,UCtNfIBnc5S5DbbQj_yxgJTw,1
n8iP75gIpmw,UCtUR3_CAiE7fCoZHM6cMfyQ,1
n8iP75gIpmw,UCueV9cTyTDwgQSec1x2dYgA,1
n8iP75gIpmw,UCujPF2nBgsTD62nWE3lcpIg,1
n8iP75gIpmw,UCut6b9S98nv84cVX89PmKzA,2
n8iP75gIpmw,UCvApqeCbLod-wejtT4CcVuA,1
n8iP75gIpmw,UCwO2SXr0ggzwg6QWWrr01nQ,1
n8iP75gIpmw,UCwW2OFy95P7ZBkOPxWkpvYg,2
n8iP75gIpmw,UCwha8rxULYMVtNwZWeSkE1A,1
n8iP75gIpmw,UCxff05WuyvwELNITi7bj7UA,1
n8iP75gIpmw,UCySYJU5kUh7X8gVt9la2ISA,1
n8iP75gIpmw,UCylqlpsh8ENNM1LqgQ1KbxA,1
n8iP75gIpmw,UCz3gu01bmjNv0DpRq-K3XYg,2
n8iP75gIpmw,UCzSfZlOVxBSs5ObD25ywxDQ,1
n8iP75gIpmw,UCzoL2l5H5eVlorWGH8AZfAg,1
ndAZjHqzzT8,UC5wuDq3U3vRAhOQI3D7gNdw,1
ndAZjHqzzT8,UCJp3OrVYcBorC94sKwdch_A,1
ndAZjHqzzT8,UCVC2QugcI1G4RvlCiUqd1aQ,2
ndAZjHqzzT8,UCZOmq6MwFDVoCaEl99BRRaw,1
ndAZjHqzzT8,UC_6KbBY1bsYXz9fwFS0eQRg,1
ndAZjHqzzT8,UCbrtvygfRT6QXqWDNrOf-cA,1
ndAZjHqzzT8,UCjJf-AJKRFFWtiN-CSwkDmA,1
ndAZjHqzzT8,UCnU8wO1OurAmGstDw6VGjgQ,1
ndAZjHqzzT8,UCpsKOkt5iWTbenzeuq7dsmQ,1
ndAZjHqzzT8,UCvcu1kR8xMYy_I1Ty-2mV2Q,2
s0eco-BofOs,UC6xI_MOaxajIWpoP8BH6E_Q,1
yLZS3JiEBg8,UCCUmP4PlbwgikVFpYwbtRTg,1
yLZS3JiEBg8,UCOY3XpD9qMCRSA8AA8c4CAw,1
yLZS3JiEBg8,UCTTILH6QCIxbTnEWxwRqs1g,1
yLZS3JiEBg8,UCXO1BBohNWXkK9SBDAG2ySg,1
yLZS3JiEBg8,UCXVLc8CmAO813ubM-fLvCDw,1
yLZS3JiEBg8,UCXl30Y_upRqbti52fmjK4YA,1
yLZS3JiEBg8,UCbrtvygfRT6QXqWDNrOf-cA,1
yLZS3JiEBg8,UCcFIBN-rtC3d3hXeuN5TfWw,1
yLZS3JiEBg8,UCc_F88PzGWtA1OPNUEASulA,1
yLZS3JiEBg8,UCdQAuWwyC99MB7Y02Umj26Q,1
yLZS3JiEBg8,UCefAH1MbvADWUjE9WVcB9EQ,1
yLZS3JiEBg8,UChT7pzGytNd92Nmvi-zuWog,1
yLZS3JiEBg8,UCkxdJ_yGN2gghOMo2ybQtXQ,1
yLZS3JiEBg8,UCvcu1kR8xMYy_I1Ty-2mV2Q,1
yLZS3JiEBg8,UCwEe1RKlEv1UpNWmWYfSh4w,1
yLZS3JiEBg8,UCxcoDvP-g2_KTZDmVZtvb3w,1
zweosulrwA8,UCQM2tCKRRytVDRxNUfCDqQQ,1
